,word,if-then,variable,print,loop
0,Set,0,5,0,0
1,Assign,0,5,0,0
2,Insert,0,5,0,0
3,Variable,0,5,0,0
4,Make,0,5,0,5
5,Equal,3,3,0,0
6,Change,0,5,0,0
7,Create,0,5,0,5
8,Declare,0,5,0,0
9,Instantiate,0,5,0,0
10,Give,0,5,2,0
11,put,0,5,0,0
12,Inside,0,5,0,2
13,Represents,0,5,0,0
14,store,0,5,0,0
15,For,0,0,0,5
16,Each,0,0,0,5
17,Loop,0,0,0,5
18,Repeat,0,0,0,5
19,Iterate,0,0,0,5
20,Through,0,0,0,5
21,Over,0,0,0,5
22,Consider,5,0,0,0
23,Look,0,0,0,5
24,Element,0,3,3,0
25,Object,0,0,0,0
26,Component,0,0,0,0
27,Unit,0,0,0,0
28,Thing,0,0,0,0
29,Within,0,0,0,5
30,Array,0,3,0,3
31,All,0,0,0,5
32,Every,0,0,0,5
33,check,5,0,0,0
34,If,5,0,0,0
35,Then,5,0,0,0
36,When,5,0,0,0
37,In,0,0,0,5
38,Case,5,0,0,0
39,Event,0,0,0,0
40,Situation,0,0,0,0
41,do,0,0,0,0
42,Else,5,0,0,0
43,Otherwise,5,0,0,0
44,Other,0,0,0,0
45,Print,0,0,5,0
46,Output,0,0,5,0
47,Tell,0,0,5,0
48,Show,0,0,5,0
49,Write,0,0,5,0
50,User,0,0,0,0
51,Terminal,0,0,5,0
52,interface,0,0,0,0
53,leave,0,0,0,0
54,stow,0,0,5,0
55,prop,0,0,0,0
56,lean,0,0,0,0
57,stand,0,0,0,0
58,plant,0,5,0,0
59,pose,0,0,0,0
60,dispose,0,0,0,0
61,stick,0,0,0,0
62,dump,0,0,5,0
63,bung,0,0,0,0
64,park,0,0,0,0
65,plonk,0,0,0,0
66,plump,0,0,0,0
67,pop,0,0,0,0
68,plunk,0,0,0,0
69,posit,0,0,0,0
70,put,0,5,0,0
71,place,0,5,0,0
72,lay,0,5,0,0
73,deposit,0,5,0,0
74,position,0,3,3,0
75,settle,0,0,0,0
76,station,0,5,0,0
77,lie,0,0,0,0
78,stand,0,0,0,0
79,mount,0,5,0,0
80,fix,0,0,0,0
81,embed,0,5,0,0
82,insert,0,5,0,0
83,bejewel,0,0,0,0
84,adorn,0,0,0,0
85,ornament,0,0,0,0
86,decorate,0,0,0,0
87,embellish,0,0,0,0
88,deck,0,0,0,0
89,bedeck,0,0,0,0
90,lay,0,0,0,0
91,prepare,0,3,0,0
92,arrange,0,0,0,0
93,assign,0,5,0,0
94,allocate,0,5,0,0
95,give,0,5,3,0
96,allot,0,5,0,0
97,deal,0,5,0,0
98,prescribe,0,5,0,0
99,apply,0,5,0,0
100,address,3,0,0,0
101,direct,0,0,0,0
102,aim,0,0,0,0
103,turn,0,0,0,0
104,focus,0,0,0,0
105,concentrate,0,0,0,0
106,fix,0,0,0,0
107,determine,0,0,5,0
108,designate,0,5,0,0
109,name,0,0,5,0
110,appoint,0,5,0,0
111,specify,5,0,3,0
112,stipulate,5,0,0,0
113,settle,0,0,0,0
114,confirm,5,0,0,0
115,select,0,0,0,0
116,choose,0,0,0,0
117,arrange,0,0,0,0
118,schedule,0,0,0,0
119,direct,0,0,0,0
120,steer,0,0,0,0
121,orientate,0,0,0,0
122,point,0,5,0,0
123,aim,0,0,0,0
124,train,0,0,0,0
125,establish,3,3,0,0
126,set up,0,5,0,0
127,create,0,5,0,5
128,provide,0,0,5,0
129,institute,0,0,0,0
130,calibrate,0,5,0,0
131,put right,0,5,0,0
132,correct,0,5,0,0
133,collimate,0,0,0,0
134,adjust,0,5,0,0
135,regulate,0,0,0,0
136,synchronize,0,5,0,0
137,coordinate,0,5,0,0
138,harmonize,0,5,0,0
139,programme,0,5,0,0
140,activate,0,0,0,0
141,cake,0,0,0,0
142,congeal,0,0,0,0
143,coagulate,0,0,0,0
144,clot,0,0,0,0
145,freeze,0,0,0,0
146,crystallize,0,0,0,0
147,gelatinize,0,0,0,0
148,solidify,0,0,0,0
149,harden,0,0,0,0
150,stiffen,0,0,0,0
151,thicken,0,0,0,0
152,gel,0,0,0,0
153,vanish,0,0,0,0
154,disappear,0,0,0,0
155,sink,0,0,0,0
156,decline,5,0,0,0
157,descend,0,0,0,0
158,drop,0,0,0,0
159,subside,0,0,0,0
160,allocate,0,5,0,0
161,allot,0,5,0,0
162,give,0,5,3,0
163,set,0,5,0,0
164,make,0,5,0,5
165,create,0,5,0,5
166,name,0,5,5,0
167,designate,0,5,0,0
168,dub,0,0,0,0
169,appoint,0,5,0,0
170,promote,0,5,0,0
171,delegate,0,5,0,0
172,commission,0,5,0,0
173,post,0,0,5,0
174,nominate,0,0,0,0
175,vote,0,0,0,0
176,elect,0,5,0,0
177,adopt,0,0,0,0
178,allot,0,0,0,0
179,allocate,0,5,0,0
180,apportion,0,0,0,0
181,fix,0,0,0,0
182,appoint,0,5,0,0
183,determine,5,0,0,0
184,specify,5,0,0,0
185,stipulate,5,0,0,0
186,hypothecate,5,0,0,0
187,earmark,0,0,0,0
188,appropriate,0,5,0,0
189,designate,0,5,0,0
190,keep,0,0,0,0
191,reserve,0,0,0,0
192,ascribe,0,0,0,0
193,attribute,0,5,0,0
194,accredit,0,2,0,0
195,credit,0,3,0,0
196,impute,0,0,0,0
197,demise,0,0,0,0
198,devise,0,0,0,0
199,attorn,0,0,0,0
200,transfer,0,0,0,0
201,give,0,5,5,0
202,pass,0,3,0,0
203,convey,0,0,0,0
204,consign,0,0,0,0
205,alienate,0,0,0,0
206,drive,0,0,0,0
207,wedge,0,0,0,0
208,work,0,0,0,0
209,tuck,0,0,0,0
210,pop,0,0,0,0
211,stick,0,0,0,0
212,shove,0,0,0,0
213,bung,0,0,0,0
214,jam,0,0,0,0
215,put,0,5,0,0
216,place,0,5,0,0
217,press,0,0,0,0
218,push,0,5,0,0
219,thrust,0,0,0,0
220,slide,0,0,0,0
221,slip,0,0,0,0
222,load,0,5,3,0
223,fit,0,0,0,0
224,position,0,0,0,0
225,slot,0,0,0,0
226,lodge,0,0,0,0
227,install,0,5,0,0
228,enter,0,5,0,0
229,put,0,5,3,0
230,introduce,0,5,3,0
231,incorporate,0,0,0,0
232,interpolate,0,0,0,0
233,interpose,0,0,0,0
234,interject,0,0,0,0
235,inset,0,0,0,0
236,infix,0,0,0,0
237,build,0,5,0,5
238,changeful,0,0,0,0
239,variational,0,0,0,0
240,changeable,0,0,0,0
241,changing,0,0,0,0
242,varying,0,0,0,0
243,shifting,0,0,0,0
244,fluctuating,0,0,0,0
245,irregular,0,0,0,0
246,wavering,0,0,0,0
247,vacillating,0,0,0,0
248,inconstant,0,0,0,0
249,inconsistent,0,0,0,0
250,fluid,0,0,0,0
251,floating,0,0,0,0
252,unsteady,0,0,0,0
253,uneven,0,0,0,0
254,unstable,0,0,0,0
255,unsettled,0,0,0,0
256,movable,0,0,0,0
257,mutable,0,0,0,0
258,protean,0,0,0,0
259,chameleonic,0,0,0,0
260,unfixed,0,0,0,0
261,fitful,0,0,0,0
262,capricious,0,0,0,0
263,temperamental,0,0,0,0
264,fickle,0,0,0,0
265,kaleidoscopic,0,0,0,0
266,volatile,0,0,0,0
267,unpredictable,0,0,0,0
268,undependable,0,0,0,0
269,unreliable,0,0,0,0
270,construct,0,5,0,5
271,build,0,5,0,5
272,assemble,0,5,0,5
273,put together,0,5,0,5
274,manufacture,0,5,0,5
275,produce,0,5,0,5
276,fabricate,0,5,0,5
277,create,0,5,0,5
278,form,0,5,0,5
279,fashion,0,5,0,5
280,model,0,5,0,5
281,mould,0,5,0,5
282,shape,0,5,0,5
283,forge,0,5,0,5
284,dragoon,0,0,0,0
285,bludgeon,0,0,0,0
286,impel,0,0,0,0
287,constrain,0,0,0,0
288,urge,0,0,0,0
289,will,0,0,0,0
290,steamroller,0,0,0,0
291,browbeat,0,0,0,0
292,intimidate,0,0,0,0
293,bully,0,0,0,0
294,hector,0,0,0,0
295,blackmail,0,0,0,0
296,railroad,0,0,0,0
297,bulldoze,0,0,0,0
298,force,0,5,0,0
299,compel,0,5,0,0
300,coerce,0,5,0,0
301,press,0,0,0,0
302,drive,0,0,0,0
303,pressure,0,0,0,0
304,pressurize,0,0,0,0
305,oblige,0,0,0,0
306,require,5,0,0,0
307,beget,0,0,0,0
308,cause,0,5,0,0
309,create,0,5,0,5
310,produce,0,5,5,5
311,generate,0,5,0,5
312,engender,0,0,0,0
313,occasion,0,0,0,0
314,effect,0,5,0,5
315,establish,0,5,0,0
316,institute,0,0,0,0
317,found,0,5,0,0
318,develop,0,5,0,5
319,originate,0,5,0,0
320,frame,0,0,0,0
321,perform,0,0,5,0
322,execute,0,0,5,0
323,give,0,5,5,5
324,do,0,0,0,5
325,accomplish,0,0,0,0
326,achieve,0,0,0,0
327,effect,0,0,0,0
328,practise,0,0,0,0
329,commit,0,5,0,0
330,act,0,0,0,0
331,prosecute,0,0,0,0
332,induct,0,0,0,0
333,institute,0,0,0,0
334,invest,0,0,0,0
335,ordain,0,0,0,0
336,assign,0,5,0,0
337,detail,0,0,0,0
338,draft,0,5,0,0
339,engage,0,0,0,0
340,hire,0,5,0,0
341,employ,0,5,0,0
342,recruit,0,5,0,0
343,retain,0,0,0,0
344,enrol,0,5,0,0
345,enlist,0,5,0,0
346,appoint,0,5,0,0
347,designate,0,5,0,0
348,name,0,5,0,0
349,nominate,0,5,0,0
350,select,0,5,0,0
351,elect,0,0,0,0
352,install,0,0,0,5
353,place,0,5,0,0
354,post,0,0,5,0
355,draft,0,5,0,0
356,write,0,0,5,0
357,pen,0,0,5,0
358,produce,0,0,5,0
359,formulate,0,0,5,0
360,frame,0,0,5,0
361,devise,0,0,0,0
362,prepare,0,0,0,0
363,compile,0,0,0,0
364,compose,0,0,0,0
365,blunder,0,0,0,0
366,err,0,0,0,0
367,nod,0,0,0,0
368,miscalculate,0,0,0,0
369,goof,0,0,0,0
370,perpetrate,0,0,0,0
371,commit,0,0,0,0
372,gross,0,0,0,0
373,fetch,0,0,0,0
374,take,0,0,0,0
375,pocket,0,0,0,0
376,net,0,0,0,0
377,clear,0,0,0,0
378,acquire,0,2,0,0
379,obtain,0,2,0,0
380,gain,0,0,0,0
381,get,0,0,0,0
382,realize,0,0,0,0
383,secure,0,0,0,0
384,win,0,0,0,0
385,earn,0,0,0,0
386,mash,0,0,0,0
387,fix,0,0,0,0
388,prepare,0,0,0,0
389,concoct,0,0,0,0
390,cook,0,0,0,0
391,brew,0,0,0,0
392,formulate,0,0,0,0
393,write,0,0,4,0
394,frame,0,0,0,0
395,draft,0,0,0,0
396,form,0,0,0,0
397,enact,0,0,0,0
398,pass,0,0,0,0
399,establish,0,3,0,0
400,institute,0,3,0,0
401,found,2,0,0,0
402,originate,0,3,0,0
403,total,0,0,2,2
404,estimate,0,0,0,0
405,determine,2,0,0,2
406,gauge,2,0,0,0
407,reckon,1,0,0,0
408,forecast,1,0,0,0
409,predict,1,0,0,0
410,compute,0,0,0,3
411,calculate,0,0,0,3
412,appraise,0,0,0,2
413,evaluate,0,0,0,3
414,assess,0,0,0,3
415,adjudge,0,0,0,2
416,view,0,0,2,0
417,regard,0,0,0,0
418,consider,2,3,0,1
419,judge,1,0,0,0
420,deem,0,2,0,0
421,figure,1,0,0,2
422,value,1,3,3,0
423,rate,0,0,0,0
424,think,0,0,0,0
425,reach,0,0,0,0
426,conclude,1,0,0,0
427,establish,1,0,0,0
428,seal,0,0,0,0
429,utter,0,0,3,0
430,give,0,0,2,0
431,deliver,0,0,1,0
432,enunciate,0,0,1,0
433,recite,0,0,2,0
434,pronounce,0,0,1,0
435,be,0,0,0,0
436,constitute,0,0,0,0
437,represent,0,1,0,0
438,embody,0,0,0,0
439,form,0,0,0,3
440,achieve,0,0,0,0
441,attain,0,0,0,0
442,enter,0,0,0,0
443,catch,0,0,0,0
444,matching,0,0,0,0
445,twin,0,0,0,0
446,comparable,0,0,0,0
447,similar,0,0,0,0
448,corresponding,0,0,0,0
449,correspondent,0,0,0,0
450,commensurate,0,0,0,0
451,identical,0,0,0,0
452,uniform,0,0,0,0
453,alike,0,0,0,0
454,like,0,0,0,0
455,equivalent,0,0,0,0
456,indistinguishable,0,0,0,0
457,proportionate,0,0,0,0
458,tantamount,0,0,0,0
459,equivalent,0,0,0,0
460,identical,0,0,0,0
461,amounting,0,0,0,0
462,unprejudiced,0,0,0,0
463,unbigoted,0,0,0,0
464,non-discriminatory,0,0,0,0
465,egalitarian,0,0,0,0
466,neutral,0,0,0,0
467,objective,0,0,0,0
468,disinterested,0,0,0,0
469,unbiased,0,0,0,0
470,impartial,0,0,0,0
471,non-partisan,0,0,0,0
472,fair,0,0,0,0
473,fair-minded,0,0,0,0
474,just,0,0,0,0
475,even-handed,0,0,0,0
476,equitable,0,0,0,0
477,fifty-fifty,0,0,0,0
478,even,0,0,0,0
479,balanced,0,0,0,0
480,level,0,0,0,0
481,customize,0,0,0,0
482,tailor,0,0,0,0
483,tweak,0,0,0,0
484,permute,0,0,0,0
485,alter,0,2,0,0
486,adjust,0,2,0,0
487,adapt,0,2,0,0
488,turn,0,2,0,0
489,amend,0,2,0,0
490,improve,0,0,0,0
491,modify,0,1,0,0
492,convert,0,2,0,0
493,revise,0,2,0,0
494,recast,0,1,0,0
495,reform,0,1,0,0
496,reshape,0,1,0,0
497,refashion,0,0,0,0
498,redesign,0,0,0,0
499,restyle,0,0,0,0
500,revamp,0,0,0,0
501,rework,0,0,0,0
502,remake,0,0,0,0
503,remodel,0,0,0,0
504,remould,0,0,0,0
505,redo,0,0,0,0
506,reconstruct,0,0,0,0
507,reorganize,0,0,0,0
508,reorder,0,0,0,0
509,refine,0,0,0,0
510,reorient,0,0,0,0
511,reorientate,0,0,0,0
512,vary,0,0,0,0
513,transform,0,0,0,0
514,transfigure,0,0,0,0
515,transmute,0,0,0,0
516,metamorphose,0,0,0,0
517,evolve,0,0,0,0
518,trade,0,0,0,0
519,barter,0,0,0,0
520,truck,0,0,0,0
521,swap,0,0,0,0
522,exchange,0,0,0,0
523,interchange,0,0,0,0
524,substitute,0,0,0,0
525,switch,0,0,0,0
526,commute,0,0,0,0
527,convert,0,0,0,0
528,replace,0,0,0,0
529,rotate,0,0,0,0
530,alternate,0,0,0,0
531,transpose,0,0,0,0
532,originate,0,2,0,0
533,invent,0,0,0,0
534,initiate,0,5,0,0
535,engender,0,0,0,0
536,devise,0,0,0,0
537,frame,0,0,0,0
538,develop,0,0,0,2
539,shape,0,0,0,0
540,form,0,0,0,0
541,mould,0,0,0,0
542,forge,0,0,0,0
543,concoct,0,0,0,0
544,hatch,0,0,0,0
545,generate,0,2,0,4
546,produce,0,2,0,4
547,design,0,0,0,4
548,make,0,0,0,5
549,fabricate,0,0,0,0
550,fashion,0,0,0,0
551,manufacture,0,0,0,0
552,build,0,0,0,3
553,construct,0,0,0,4
554,erect,0,0,0,0
555,do,4,0,0,0
556,enkindle,0,0,0,0
557,cause,3,0,0,0
558,breed,0,0,0,0
559,engender,0,0,0,0
560,prompt,0,0,0,0
561,promote,0,0,0,0
562,foster,0,0,0,0
563,inspire,0,0,0,0
564,form,0,3,0,4
565,organize,0,0,0,0
566,develop,0,0,0,0
567,establish,0,0,0,3
568,found,0,0,0,0
569,institute,0,0,0,0
570,constitute,0,0,0,0
571,inaugurate,0,0,0,0
572,launch,0,0,0,0
573,start,0,0,0,2
574,name,0,0,0,0
575,nominate,0,0,0,0
576,designate,0,0,0,0
577,appoint,0,0,0,0
578,invest,0,0,0,0
579,birth,0,0,0,0
580,drop,0,0,0,0
581,beget,0,0,0,0
582,conceive,0,0,0,0
583,father,0,0,0,0
584,sire,0,0,0,0
585,spawn,0,0,0,0
586,produce,0,0,0,0
587,preconize,0,0,0,0
588,proclaim,0,0,0,0
589,announce,0,0,3,0
590,state,0,0,4,0
591,communicate,0,0,4,0
592,reveal,0,0,2,0
593,divulge,0,0,2,0
594,mention,0,0,0,0
595,raise,0,0,0,0
596,moot,0,0,0,0
597,air,0,0,0,0
598,voice,0,0,0,0
599,articulate,0,0,0,0
600,pronounce,0,0,2,0
601,express,0,0,2,0
602,vent,0,0,0,0
603,set forth,0,0,3,0
604,publicize,0,0,0,0
605,disseminate,0,0,0,0
606,circulate,0,0,0,0
607,publish,0,0,3,0
608,broadcast,0,0,2,0
609,promulgate,0,0,0,0
610,trumpet,0,0,0,0
611,blazon,0,0,0,0
612,make out,0,0,0,0
613,depose,0,0,0,0
614,represent,0,0,0,0
615,opine,0,0,0,0
616,avouch,0,0,0,0
617,asseverate,0,0,0,0
618,assert,3,0,1,0
619,maintain,0,0,0,0
620,aver,0,0,0,0
621,affirm,0,0,0,0
622,contend,0,0,0,0
623,argue,0,0,0,0
624,insist,0,0,0,0
625,hold,0,0,0,0
626,profess,0,0,0,0
627,move,0,0,0,0
628,claim,0,0,0,0
629,allege,0,0,0,0
630,avow,0,0,0,0
631,vow,0,0,0,0
632,swear,0,0,0,0
633,attest,0,0,0,0
634,testify,0,0,0,0
635,certify,0,0,0,0
636,hand,0,0,0,0
637,offer,0,0,0,0
638,proffer,0,0,0,0
639,award,0,0,0,0
640,grant,0,0,0,0
641,bestow,0,0,0,0
642,accord,0,0,0,0
643,confer,0,0,0,0
644,donate,0,0,0,0
645,contribute,0,0,0,0
646,put up,0,0,0,0
647,leave,0,0,0,0
648,will,0,0,0,0
649,bequeath,0,0,0,0
650,pledge,0,0,0,0
651,vouchsafe,0,0,0,0
652,lend,0,0,0,0
653,slip,0,0,0,0
654,send,0,0,0,0
655,deliver,0,0,0,0
656,relay,0,2,0,
657,purvey,0,0,0,0
658,tell,0,0,5,0
659,convey,0,0,2,0
660,impart,0,0,0,0
661,communicate,0,0,2,0
662,transmit,0,0,0,0
663,transfer,0,0,0,0
664,commend,0,0,0,0
665,entrust,0,0,0,0
666,commit,0,0,0,0
667,consign,0,0,0,0
668,assign,0,4,0,0
669,render,0,0,0,0
670,devote,0,0,0,0
671,dedicate,0,0,0,0
672,sacrifice,0,0,0,0
673,relinquish,0,0,0,0
674,offer,0,0,0,0
675,allow,0,0,0,0
676,permit,0,0,0,0
677,grant,0,0,0,0
678,accord,0,0,0,0
679,show,0,0,3,0
680,display,0,0,3,0
681,indicate,2,0,2,0
682,detail,0,0,0,0
683,list,0,0,1,4
684,cause,0,0,0,0
685,occasion,0,0,0,0
686,impart,0,0,0,0
687,lend,0,0,0,0
688,produce,0,0,0,0
689,yield,0,0,0,0
690,afford,0,0,0,0
691,throw,0,0,0,0
692,host,0,0,0,0
693,hold,0,0,0,0
694,have,0,0,0,0
695,organize,0,0,0,0
696,arrange,0,0,0,0
697,provide,0,0,3,0
698,perform,0,0,0,0
699,execute,0,0,0,5
700,produce,0,2,0,2
701,utter,0,0,0,0
702,emit,0,0,0,0
703,inflict,0,0,0,0
704,impose,0,0,0,0
705,administer,0,0,0,0
706,deliver,0,0,0,0
707,deal,0,0,0,0
708,bend,0,0,0,0
709,buckle,0,0,0,0
710,sink,0,0,0,0
711,collapse,0,0,0,0
712,break,0,0,0,0
713,leave,0,0,0,0
714,stow,0,0,0,0
715,prop,0,0,0,0
716,lean,0,0,0,0
717,plant,0,0,0,0
718,pose,0,0,0,0
719,stick,0,0,0,0
720,dump,0,0,0,0
721,bung,0,0,0,0
722,park,0,0,0,0
723,plonk,0,0,0,0
724,pop,0,0,0,0
725,plunk,0,0,0,0
726,posit,0,0,0,0
727,place,0,0,0,0
728,set,0,0,0,0
729,lay,0,0,0,0
730,deposit,0,0,0,0
731,situate,0,0,0,0
732,position,0,0,0,0
733,settle,0,0,0,0
734,lay,0,0,0,0
735,pin,0,0,0,0
736,place,0,0,0,0
737,impose,0,0,0,0
738,fix,0,0,0,0
739,submit,0,0,0,0
740,present,0,0,0,0
741,tender,0,0,0,0
742,offer,0,0,0,0
743,proffer,0,0,0,0
744,advance,0,0,0,0
745,suggest,0,0,0,0
746,propose,0,0,0,0
747,state,0,0,0,0
748,say,0,0,0,0
749,utter,0,0,0,0
750,voice,0,0,0,0
751,speak,0,0,0,0
752,articulate,0,0,0,0
753,pronounce,0,0,0,0
754,express,0,0,0,0
755,word,0,0,0,0
756,phrase,0,0,0,0
757,frame,0,0,0,0
758,formulate,0,0,0,0
759,render,0,0,0,0
760,convey,0,0,0,0
761,couch,0,0,0,0
762,guesstimate,0,0,0,0
763,estimate,0,0,0,0
764,calculate,0,0,0,0
765,reckon,0,0,0,0
766,gauge,0,0,0,0
767,assess,0,0,0,0
768,evaluate,0,0,0,0
769,value,0,0,0,0
770,judge,0,0,0,0
771,measure,0,0,0,0
772,compute,0,0,0,0
773,establish,0,0,0,0
774,fix,0,0,0,0
775,set,0,0,0,0
776,guess,0,0,0,0
777,centre,0,0,0,0
778,core,0,0,0,0
779,middle,0,0,0,0
780,heart,0,0,0,0
781,nucleus,0,0,0,0
782,interior,0,0,0,0
783,all,0,0,0,0
784,coil,0,0,0,0
785,hoop,0,0,0,0
786,ring,0,0,0,0
787,circle,0,0,0,0
788,noose,0,0,0,0
789,oval,0,0,0,0
790,spiral,0,0,0,0
791,curl,0,0,0,0
792,twirl,0,0,0,0
793,whorl,0,0,0,0
794,twist,0,0,0,0
795,hook,0,0,0,0
796,zigzag,0,0,0,0
797,helix,0,0,0,0
798,convolution,0,0,0,0
799,incurvation,0,0,0,0
800,bend,0,0,0,0
801,curve,0,0,0,0
802,kink,0,0,0,0
803,arc,0,0,0,0
804,recap,0,0,0,0
805,reprise,0,0,0,0
806,ingeminate,0,0,0,0
807,say again,0,0,0,0
808,restate,0,0,0,0
809,reiterate,0,0,0,0
810,iterate,0,0,0,0
811,rehearse,0,0,0,0
812,recapitulate,0,0,0,0
813,echo,0,0,0,0
814,parrot,0,0,0,0
815,regurgitate,0,0,0,0
816,restate,0,0,0,0
817,recite,0,0,0,0
818,quote,0,0,0,0
819,reproduce,0,0,0,0
820,redo,0,0,0,0
821,replicate,0,0,0,0
822,duplicate,0,0,0,0
823,rebroadcast,0,0,0,0
824,rerun,0,0,0,0
825,reshow,0,0,0,0
826,replay,0,0,0,0
827,say again,0,0,0,0
828,restate,0,0,0,0
829,reiterate,0,0,0,0
830,recap,0,0,0,0
831,reprise,0,0,0,0
832,ingeminate,0,0,0,0
833,repeat,0,0,0,0
834,recapitulate,0,0,0,0
835,rehearse,0,0,0,0
836,throughout,0,0,0,0
837,between,0,0,0,0
838,past,0,0,0,0
839,by,0,0,0,0
840,down,0,0,0,0
841,along,0,0,0,0
842,across,0,0,0,0
843,via,0,0,0,0
844,using,0,0,0,0
845,throughout,0,0,0,0
846,during,0,0,0,0
847,above,0,0,0,0
848,atop,0,0,0,0
849,across,0,0,0,0
850,around,0,0,0,0
851,throughout,0,0,0,0
852,above,0,0,0,0
853,commanding,0,0,0,0
854,above,0,0,0,0
855,exceeding,0,0,0,0
856,beyond,0,0,0,0
857,about,0,0,0,0
858,concerning,0,0,0,0
859,regarding,0,0,0,0
860,respecting,0,0,0,0
861,re,0,0,0,0
862,study,0,0,0,0
863,ponder,0,0,0,0
864,assess,0,0,0,0
865,evaluate,0,0,0,0
866,compare,0,0,0,0
867,judge,0,0,0,0
868,contemplate,0,0,0,0
869,examine,0,0,0,0
870,appraise,0,0,0,0
871,review,0,0,0,0
872,esteem,0,0,0,0
873,deem,0,0,0,0
874,think,0,0,0,0
875,reckon,0,0,0,0
876,believe,0,0,0,0
877,judge,0,0,0,0
878,adjudge,0,0,0,0
879,rate,0,0,0,0
880,account,0,0,0,0
881,count,0,0,0,0
882,gauge,0,0,0,0
883,suppose,0,0,0,0
884,find,0,0,0,0
885,clock,0,0,0,0
886,eyeball,0,0,0,0
887,contemplate,0,0,0,0
888,observe,0,0,0,0
889,regard,0,0,0,0
890,survey,0,0,0,0
891,view,0,0,0,0
892,scrutinize,0,0,0,0
893,scan,0,0,0,0
894,examine,0,0,0,0
895,inspect,0,0,0,0
896,respect,0,0,0,0
897,remember,0,0,0,0
898,mind,0,0,0,0
899,mark,0,0,0,0
900,heed,0,0,0,0
901,note,0,0,0,0
902,peep,0,0,0,0
903,peek,0,0,0,0
904,watch,0,0,0,0
905,examine,0,0,0,0
906,study,0,0,0,0
907,inspect,0,0,0,0
908,scan,0,0,0,0
909,scrutinize,0,0,0,0
910,survey,0,0,0,0
911,check,0,0,0,0
912,contemplate,0,0,0,0
913,consider,0,0,0,0
914,see,0,0,0,0
915,observe,0,0,0,0
916,view,0,0,0,0
917,regard,0,0,0,0
918,mark,0,0,0,0
919,glimpse,0,0,0,0
920,spot,0,0,0,0
921,spy,0,0,0,0
922,eye,0,0,0,0
923,ogle,0,0,0,0
924,rubberneck,0,0,0,0
925,recce,0,0,0,0
926,clock,0,0,0,0
927,gawp,0,0,0,0
928,eyeball,0,0,0,0
929,behold,0,0,0,0
930,espy,0,0,0,0
931,descry,0,0,0,0
932,glance,0,0,0,0
933,gaze,0,0,0,0
934,stare,0,0,0,0
935,gape,0,0,0,0
936,peer,0,0,0,0
937,focus,0,0,0,0
938,face,0,0,0,0
939,overlook,0,0,0,0
940,front,0,0,0,0
941,seem,0,0,0,0
942,appear,0,0,0,0
943,factor,0,0,0,0
944,feature,0,0,0,0
945,facet,0,0,0,0
946,ingredient,0,0,0,0
947,strand,0,0,0,0
948,detail,0,0,0,0
949,point,0,0,0,0
950,member,0,0,0,0
951,unit,0,0,0,0
952,module,0,0,0,0
953,item,0,0,0,0
954,essential,0,0,0,0
955,integrand,0,0,0,0
956,component,0,0,0,0
957,constituent,0,0,0,0
958,part,0,0,0,0
959,section,0,0,0,0
960,portion,0,0,0,0
961,piece,0,0,0,0
962,segment,0,0,0,0
963,bit,0,0,0,0
964,trace,0,0,0,0
965,touch,0,0,0,0
966,hint,0,0,0,0
967,smattering,0,0,0,0
968,suspicion,0,0,0,0
969,foundations,0,0,0,0
970,fundamentals,0,0,0,0
971,rudiments,0,0,0,0
972,nuts and bolts,0,0,0,0
973,basics,0,0,0,0
974,essentials,0,0,0,0
975,principles,0,0,0,0
976,territory,0,0,0,0
977,habitat,0,0,0,0
978,medium,0,0,0,0
979,milieu,0,0,0,0
980,sphere,0,0,0,0
981,field,0,0,0,0
982,domain,0,0,0,0
983,realm,0,0,0,0
984,circle,0,0,0,0
985,resort,0,0,0,0
986,haunt,0,0,0,0
987,thingy,0,0,0,0
988,doodah,0,0,0,0
989,doobry,0,0,0,0
990,gubbins,0,0,0,0
991,doodad,0,0,0,0
992,doohickey,0,0,0,0
993,doojigger,0,0,0,0
994,dingus,0,0,0,0
995,thingo,0,0,0,0
996,thing,0,0,0,0
997,article,0,0,0,0
998,item,0,0,0,0
999,piece,0,0,0,0
1000,device,0,0,0,0
1001,gadget,0,0,0,0
1002,entity,0,0,0,0
1003,body,0,0,0,0
1004,target,0,0,0,0
1005,butt,0,0,0,0
1006,focus,0,0,0,0
1007,recipient,0,0,0,0
1008,victim,0,0,0,0
1009,ambition,0,0,0,0
1010,design,0,0,0,0
1011,intent,0,0,0,0
1012,intention,0,0,0,0
1013,idea,0,0,0,0
1014,point,0,0,0,0
1015,purpose,0,0,0,0
1016,objective,0,0,0,0
1017,aim,0,0,0,0
1018,goal,0,0,0,0
1019,target,0,0,0,0
1020,end,0,0,0,0
1021,plan,0,0,0,0
1022,unit,0,0,0,0
1023,module,0,0,0,0
1024,item,0,0,0,0
1025,section,0,0,0,0
1026,portion,0,0,0,0
1027,integrant,0,0,0,0
1028,part,0,0,0,0
1029,piece,0,0,0,0
1030,bit,0,0,0,0
1031,constituent,0,0,0,0
1032,element,0,0,0,0
1033,ingredient,0,0,0,0
1034,entity,0,0,0,0
1035,whole,0,0,0,0
1036,component,0,0,0,0
1037,part,0,0,0,0
1038,section,0,0,0,0
1039,element,0,0,0,0
1040,constituent,0,0,0,0
1041,subdivision,0,0,0,0
1042,portion,0,0,0,0
1043,segment,0,0,0,0
1044,module,0,0,0,0
1045,item,0,0,0,0
1046,member,0,0,0,0
1047,ingredient,0,0,0,0
1048,factor,0,0,0,0
1049,feature,0,0,0,0
1050,piece,0,0,0,0
1051,fragment,0,0,0,0
1052,quantity,0,0,0,0
1053,measure,0,0,0,0
1054,measurement,0,0,0,0
1055,denomination,0,0,0,0
1056,value,0,0,0,0
1057,cell,0,0,0,0
1058,faction,0,0,0,0
1059,detachment,0,0,0,0
1060,contingent,0,0,0,0
1061,outfit,0,0,0,0
1062,section,0,0,0,0
1063,division,0,0,0,0
1064,company,0,0,0,0
1065,squadron,0,0,0,0
1066,corps,0,0,0,0
1067,regiment,0,0,0,0
1068,brigade,0,0,0,0
1069,platoon,0,0,0,0
1070,battalion,0,0,0,0
1071,force,0,0,0,0
1072,garrison,0,0,0,0
1073,legion,0,0,0,0
1074,formation,0,0,0,0
1075,crew,0,0,0,0
1076,squad,0,0,0,0
1077,detail,0,0,0,0
1078,device,0,0,0,0
1079,gadget,0,0,0,0
1080,contrivance,0,0,0,0
1081,instrument,0,0,0,0
1082,utensil,0,0,0,0
1083,tool,0,0,0,0
1084,implement,0,0,0,0
1085,entity,0,0,0,0
1086,body,0,0,0,0
1087,object,0,1,3,0
1088,article,0,1,3,0
1089,item,0,1,3,0
1090,artefact,0,0,0,0
1091,commodity,0,0,0,0
1092,luggage,0,0,0,0
1093,baggage,0,0,0,0
1094,bags,0,0,0,0
1095,chattels,0,0,0,0
1096,movables,0,0,0,0
1097,valuables,0,0,0,0
1098,clothes,0,0,0,0
1099,garments,0,0,0,0
1100,gear,0,0,0,0
1101,junk,0,0,0,0
1102,togs,0,0,0,0
1103,garms,0,0,0,0
1104,dunnage,0,0,0,0
1105,traps,0,0,0,0
1106,clobber,0,0,0,0
1107,trek,0,0,0,0
1108,shit,0,0,0,0
1109,crap,0,0,0,0
1110,belongings,0,0,0,0
1111,possessions,0,0,0,0
1112,stuff,0,0,0,0
1113,property,0,0,0,0
1114,goods,0,0,0,0
1115,effects,0,0,0,0
1116,paraphernalia,0,0,0,0
1117,impedimenta,0,0,0,0
1118,implements,0,0,0,0
1119,tools,0,0,0,0
1120,utensils,0,0,0,0
1121,accoutrements,0,0,0,0
1122,equipment,0,0,0,0
1123,apparatus,0,0,0,0
1124,gear,0,0,0,0
1125,kit,0,0,0,0
1126,tackle,0,0,0,0
1127,stuff,0,0,0,0
1128,act,0,0,0,0
1129,action,0,0,0,0
1130,deed,0,0,0,0
1131,undertaking,0,0,0,0
1132,exploit,0,0,0,0
1133,feat,0,0,0,0
1134,task,0,0,0,0
1135,job,0,0,0,0
1136,chore,0,0,0,0
1137,activity,0,0,0,0
1138,concern,0,0,0,0
1139,matter,0,0,0,0
1140,worry,0,0,0,0
1141,preoccupation,0,0,0,0
1142,thought,0,0,0,0
1143,notion,0,0,0,0
1144,idea,0,0,0,0
1145,concept,0,0,0,0
1146,conception,0,0,0,0
1147,remark,0,0,0,0
1148,statement,0,0,0,0
1149,comment,0,0,0,0
1150,utterance,0,0,0,0
1151,observation,0,0,0,0
1152,declaration,0,0,0,0
1153,pronouncement,0,0,0,0
1154,incident,0,0,0,0
1155,episode,0,0,0,0
1156,event,0,0,0,0
1157,happening,0,0,0,0
1158,occurrence,0,0,0,0
1159,eventuality,0,0,0,0
1160,phenomenon,0,0,0,0
1161,situation,0,0,0,0
1162,life,0,0,0,0
1163,matters,0,0,0,0
1164,affairs,0,0,0,0
1165,circumstances,0,0,0,0
1166,conditions,0,0,0,0
1167,relations,0,0,0,0
1168,characteristic,0,0,0,0
1169,quality,0,0,0,0
1170,attribute,0,1,0,1
1171,property,0,1,0,0
1172,trait,0,1,0,1
1173,feature,0,1,0,1
1174,point,0,0,0,0
1175,aspect,0,0,0,0
1176,facet,0,0,0,0
1177,element,0,1,0,1
1178,fact,0,0,0,0
1179,point,0,0,0,0
1180,detail,0,0,0,0
1181,particular,0,0,0,0
1182,factor,0,0,0,0
1183,fact,0,0,0,0
1184,issue,0,0,0,0
1185,problem,0,0,0,0
1186,devil,0,0,0,0
1187,beggar,0,0,0,0
1188,bunny,0,0,0,0
1189,bastard,0,0,0,0
1190,sod,0,0,0,0
1191,bugger,0,0,0,0
1192,person,0,0,0,0
1193,soul,0,0,0,0
1194,creature,0,0,0,0
1195,wretch,0,0,0,0
1196,dislike,0,0,0,0
1197,aversion,0,0,0,0
1198,hatred,0,0,0,0
1199,detestation,0,0,0,0
1200,loathing,0,0,0,0
1201,obsession,0,0,0,0
1202,fixation,0,0,0,0
1203,complex,0,0,0,0
1204,neurosis,0,0,0,0
1205,hang-up,0,0,0,0
1206,phobia,0,0,0,0
1207,fear,0,0,0,0
1208,horror,0,0,0,0
1209,terror,0,0,0,0
1210,fetish,0,0,0,0
1211,obsession,0,0,0,0
1212,fixation,0,0,0,0
1213,trendy,0,0,0,0
1214,cool,0,0,0,0
1215,in,0,0,0,0
1216,big,0,0,0,0
1217,hip,0,0,0,0
1218,happening,0,0,0,0
1219,now,0,0,0,0
1220,fashionable,0,0,0,0
1221,popular,0,0,0,0
1222,show,0,0,5,0
1223,display,0,0,5,0
1224,exhibition,0,0,0,0
1225,presentation,0,0,0,0
1226,exposition,0,0,0,0
1227,spectacle,0,0,0,0
1228,agglomeration,0,0,0,0
1229,collection,0,0,0,0
1230,aggregation,0,0,0,0
1231,raft,0,0,0,0
1232,range,0,0,0,0
1233,variety,0,0,0,0
1234,assortment,0,0,0,0
1235,diversity,0,0,0,0
1236,mixture,0,0,0,0
1237,selection,0,0,0,0
1238,arrangement,0,0,0,0
1239,assembling,0,0,0,0
1240,assemblage,0,0,0,0
1241,line-up,0,0,0,0
1242,formation,0,0,0,0
1243,ordering,0,0,0,0
1244,disposition,0,0,0,0
1245,marshalling,0,0,0,0
1246,muster,0,0,0,0
1247,amassing,0,0,0,0
1248,garments,0,0,0,0
1249,garms,0,0,0,0
1250,dress,0,0,0,0
1251,attire,0,0,0,0
1252,apparel,0,0,0,0
1253,clothing,0,0,0,0
1254,garb,0,0,0,0
1255,finery,0,0,0,0
1256,every,0,0,0,0
1257,complete,0,0,0,0
1258,entire,0,0,0,1
1259,total,0,0,0,1
1260,full,0,0,0,1
1261,utter,0,0,0,0
1262,perfect,0,0,0,0
1263,all-out,0,0,0,0
1264,greatest,0,0,0,0
1265,maximum,0,0,0,0
1266,study,0,0,0,0
1267,investigate,0,0,0,0
1268,research,0,0,0,0
1269,probe,0,0,0,0
1270,dissect,0,0,0,0
1271,explore,0,0,0,0
1272,test,0,0,0,0
1273,monitor,0,0,0,0
1274,review,0,0,0,0
1275,examine,0,0,0,0
1276,inspect,0,0,0,0
1277,scrutinize,0,0,0,0
1278,scan,0,0,0,0
1279,survey,0,0,0,0
1280,confirm,0,0,0,0
1281,verify,0,0,0,0
1282,corroborate,0,0,0,0
1283,validate,0,0,0,0
1284,substantiate,0,0,0,0
1285,bar,0,0,0,0
1286,obstruct,0,0,0,0
1287,hamper,0,0,0,0
1288,impede,0,0,0,0
1289,inhibit,0,0,0,0
1290,frustrate,0,0,0,0
1291,foil,0,0,0,0
1292,thwart,0,0,0,0
1293,prevent,0,0,0,0
1294,curb,0,0,0,0
1295,block,0,0,0,0
1296,stall,0,0,0,0
1297,retard,0,0,0,0
1298,delay,0,0,0,0
1299,brake,0,0,0,0
1300,stem,0,0,0,0
1301,staunch,0,0,0,0
1302,stay,0,0,0,0
1303,halt,0,0,0,0
1304,stop,0,0,0,0
1305,arrest,0,0,0,0
1306,suppress,0,0,0,0
1307,repress,0,0,0,0
1308,restrain,0,0,0,0
1309,contain,0,0,0,0
1310,control,0,0,0,0
1311,curb,0,0,0,0
1312,bridle,0,0,0,0
1313,smother,0,0,0,0
1314,muffle,0,0,0,0
1315,stifle,0,0,0,0
1316,swallow,0,0,0,0
1317,provided,0,0,0,0
1318,providing,0,0,0,0
1319,presuming,0,0,0,0
1320,supposing,0,0,0,0
1321,assuming,0,0,0,0
1322,allowing,0,0,0,0
1323,whenever,0,0,0,0
1324,whether,0,0,0,0
1325,although,0,0,0,0
1326,albeit,0,0,0,0
1327,but,5,0,0,0
1328,yet,5,0,0,0
1329,whilst,3,0,0,3
1330,next,3,0,0,3
1331,afterwards,3,0,0,0
1332,subsequently,3,0,0,0
1333,later,3,0,0,0
1334,too,0,0,0,0
1335,also,3,0,0,0
1336,besides,0,0,0,0
1337,additionally,0,0,0,0
1338,moreover,0,0,0,0
1339,furthermore,0,0,0,0
1340,to boot,0,0,0,0
1341,within,0,0,0,1
1342,with,0,0,0,1
1343,by,0,0,0,1
1344,into,0,0,0,1
1345,inside,0,0,0,1
1346,during,0,0,0,0
1347,over,0,0,0,0
1348,within,0,0,0,0
1349,after,0,0,0,0
1350,following,0,0,0,0
1351,to,0,0,0,0
1352,per,0,0,0,0
1353,every,0,0,0,3
1354,each,0,0,0,3
1355,example,0,0,0,0
1356,illustration,0,0,0,0
1357,specimen,0,0,0,0
1358,sample,0,0,0,0
1359,exemplification,0,0,0,0
1360,type,0,0,0,0
1361,prototype,0,0,0,0
1362,instance,0,0,0,0
1363,occurrence,0,0,0,0
1364,occasion,0,0,0,0
1365,manifestation,0,0,0,0
1366,demonstration,0,0,0,0
1367,exhibition,0,0,0,0
1368,exposition,0,0,0,0
1369,expression,0,0,0,0
1370,plight,0,0,0,0
1371,predicament,0,0,0,0
1372,event,0,0,0,0
1373,contingency,0,0,0,0
1374,circumstances,0,0,0,0
1375,conditions,0,0,0,0
1376,facts,0,0,0,0
1377,score,0,0,0,0
1378,story,0,0,0,0
1379,set-up,0,0,0,0
1380,incident,0,0,0,0
1381,event,0,0,0,0
1382,happening,0,0,0,0
1383,occurrence,0,0,0,0
1384,episode,0,0,0,0
1385,proceeding,0,0,0,0
1386,matter,0,0,0,0
1387,affair,0,0,0,0
1388,investigation,0,0,0,0
1389,enquiry,0,0,0,0
1390,examination,0,0,0,0
1391,exploration,0,0,0,0
1392,probe,0,0,0,0
1393,search,0,0,0,0
1394,scrutiny,0,0,0,0
1395,scrutinization,0,0,0,0
1396,study,0,0,0,0
1397,inspection,0,0,0,0
1398,inquest,0,0,0,0
1399,reconnoitring,0,0,0,0
1400,sounding,0,0,0,0
1401,case,0,0,0,0
1402,problem,0,0,0,0
1403,difficulty,0,0,0,0
1404,issue,0,0,0,0
1405,plight,0,0,0,0
1406,predicament,0,0,0,0
1407,mess,0,0,0,0
1408,trouble,0,0,0,0
1409,bother,0,0,0,0
1410,scrape,0,0,0,0
1411,jam,0,0,0,0
1412,fix,0,0,0,0
1413,pickle,0,0,0,0
1414,bind,0,0,0,0
1415,hole,0,0,0,0
1416,emergency,0,0,0,0
1417,crisis,0,0,0,0
1418,setting,0,0,0,0
1419,environment,0,0,0,0
1420,possie,0,0,0,0
1421,locus,0,0,0,0
1422,location,0,0,0,0
1423,place,0,0,0,0
1424,position,0,0,0,0
1425,spot,0,0,0,0
1426,site,0,0,0,0
1427,locality,0,0,0,0
1428,locale,0,0,0,0
1429,employment,0,0,0,0
1430,berth,0,0,0,0
1431,grip,0,0,0,0
1432,employ,0,0,0,0
1433,job,0,0,0,0
1434,day job,0,0,0,0
1435,post,0,0,0,0
1436,position,0,0,0,0
1437,place,0,0,0,0
1438,appointment,0,0,0,0
1439,status,0,0,0,0
1440,station,0,0,0,0
1441,position,0,0,0,0
1442,standing,0,0,0,0
1443,footing,0,0,0,0
1444,rank,0,0,0,0
1445,degree,0,0,0,0
1446,engineer,0,0,0,0
1447,effect,0,0,0,0
1448,realize,0,0,0,0
1449,effectuate,0,0,0,0
1450,undertake,0,0,0,0
1451,discharge,0,0,0,0
1452,execute,0,0,0,0
1453,perpetrate,0,0,0,0
1454,perform,0,0,0,0
1455,accomplish,0,0,0,0
1456,implement,0,0,0,0
1457,achieve,0,0,0,0
1458,complete,0,0,0,0
1459,finish,0,0,0,0
1460,conclude,0,0,0,0
1461,act,0,0,0,0
1462,behave,0,0,0,0
1463,suffice,0,0,0,0
1464,prepare,0,0,0,0
1465,make,0,5,0,3
1466,fix,0,0,0,0
1467,produce,0,5,0,3
1468,arrange,1,2,0,3
1469,organize,1,2,0,1
1470,make,0,5,0,3
1471,create,0,5,0,3
1472,produce,0,5,0,3
1473,fashion,0,0,0,0
1474,design,0,0,0,0
1475,fabricate,0,5,0,3
1476,manufacture,0,3,0,2
1477,paint,0,0,0,0
1478,draw,0,0,0,0
1479,sketch,0,0,0,0
1480,trim,0,0,0,0
1481,decorate,0,0,0,0
1482,furnish,0,0,0,0
1483,adorn,0,0,0,0
1484,ornament,0,0,0,0
1485,embellish,0,0,0,0
1486,brush,0,0,0,0
1487,comb,0,0,0,0
1488,wash,0,0,0,0
1489,dry,0,0,0,0
1490,cut,0,0,0,0
1491,fix,0,0,0,0
1492,style,0,0,0,0
1493,arrange,1,2,0,3
1494,adjust,2,1,0,2
1495,groom,0,0,0,0
1496,preen,0,0,0,0
1497,primp,0,0,0,0
1498,prink,0,0,0,0
1499,present,1,3,3,2
1500,produce,0,5,0,3
1501,give,0,4,0,3
1502,grant,0,2,0,1
1503,pay,0,0,0,0
1504,render,0,0,0,0
1505,afford,0,0,0,0
1506,give,0,0,0,0
1507,bestow,0,0,0,0
1508,solve,3,0,0,0
1509,resolve,0,0,0,0
1510,decipher,3,2,1,2
1511,calculate,4,2,0,1
1512,study,0,0,0,0
1513,read,0,0,0,0
1514,learn,0,0,0,0
1515,succeed,0,0,0,0
1516,prosper,0,0,0,0
1517,progress,0,0,0,0
1518,fare,0,0,0,0
1519,manage,0,0,0,0
1520,cope,0,0,0,0
1521,survive,0,0,0,0
1522,travel,0,0,0,0
1523,journey,0,0,0,0
1524,go,0,0,0,0
1525,cover,0,0,0,0
1526,traverse,0,0,0,0
1527,cross,0,0,0,0
1528,attain,0,0,0,0
1529,achieve,0,0,0,0
1530,log,0,0,0,0
1531,visit,0,0,0,0
1532,tour,0,0,0,0
1533,or,0,0,0,0
1534,differently,0,0,0,0
1535,alternative,0,0,0,0
1536,different,0,0,0,0
1537,dissimilar,0,0,0,0
1538,disparate,0,0,0,0
1539,distinct,0,0,0,0
1540,separate,0,0,0,0
1541,contrasting,0,0,0,0
1542,unlike,0,0,0,0
1543,variant,0,0,0,0
1544,more,0,0,0,0
1545,further,0,0,0,0
1546,additional,0,0,0,0
1547,extra,0,0,0,0
1548,added,0,0,0,0
1549,supplementary,0,0,0,0
1550,supplemental,0,0,0,0
1551,list,0,0,0,0
1552,dump,0,0,0,0
1553,preprint,0,0,0,0
1554,reprint,0,0,0,0
1555,pull,0,0,2,0
1556,proof,2,1,0,0
1557,copy,2,0,0,0
1558,reproduce,0,5,0,3
1559,punch,0,0,0,0
1560,inscribe,0,0,0,0
1561,engrave,0,0,0,0
1562,chase,0,0,0,0
1563,etch,0,0,0,0
1564,carve,0,0,0,0
1565,deboss,0,0,0,0
1566,emboss,0,0,0,0
1567,imprint,0,0,0,0
1568,impress,0,0,0,0
1569,stamp,0,0,0,0
1570,mark,1,0,1,0
1571,brand,1,3,2,0
1572,publish,0,3,0,2
1573,issue,0,0,0,0
1574,release,0,0,0,0
1575,disseminate,0,0,0,0
1576,circulate,0,0,0,0
1577,propagate,0,0,0,0
1578,purvey,0,0,0,0
1579,register,0,5,0,3
1580,record,0,0,0,0
1581,note,0,0,0,0
1582,impress,0,0,0,0
1583,imprint,0,0,0,0
1584,engrave,0,0,0,0
1585,etch,0,0,0,0
1586,stamp,0,0,0,0
1587,mark,0,0,0,0
1588,brand,0,0,0,0
1589,set,0,0,0,0
1590,ingrain,0,0,0,0
1591,works,0,0,0,0
1592,writings,0,0,0,0
1593,creation,0,0,0,0
1594,oeuvre,0,0,0,0
1595,production,0,0,0,0
1596,product,0,0,0,0
1597,yield,0,0,0,0
1598,harvest,0,0,0,0
1599,return,2,3,5,1
1600,volume,0,0,0,0
1601,out-turn,0,0,0,0
1602,achievement,0,0,0,0
1603,accomplishment,0,0,0,0
1604,solutions,0,0,0,0
1605,alert,0,0,0,0
1606,warn,0,0,5,0
1607,forewarn,0,0,0,0
1608,inform,1,3,4,2
1609,notify,0,0,3,0
1610,apprise,0,0,0,0
1611,advise,3,0,2,0
1612,brief,0,0,0,0
1613,communicate,0,0,5,0
1614,impart,0,0,0,0
1615,divulge,0,0,0,0
1616,announce,0,0,5,0
1617,proclaim,0,0,0,0
1618,broadcast,0,0,5,0
1619,relate,0,0,0,0
1620,recount,0,0,0,0
1621,narrate,0,0,3,0
1622,unfold,0,0,0,0
1623,retail,0,0,0,0
1624,report,0,0,0,0
1625,chronicle,0,0,0,0
1626,recite,0,0,0,0
1627,rehearse,0,0,0,0
1628,describe,0,0,5,0
1629,portray,0,0,0,0
1630,sketch,0,0,5,0
1631,delineate,0,0,0,0
1632,depict,0,0,0,0
1633,paint,0,0,0,0
1634,weave,0,0,0,0
1635,spin,0,0,0,0
1636,speak,0,0,5,0
1637,utter,0,0,0,0
1638,say,0,0,5,0
1639,voice,0,0,5,0
1640,state,0,0,5,0
1641,declare,1,5,2,1
1642,bid,0,0,0,0
1643,instruct,0,0,0,0
1644,order,0,0,0,0
1645,command,0,0,0,0
1646,direct,0,0,0,0
1647,charge,0,0,0,0
1648,enjoin,0,0,0,0
1649,require,0,0,0,0
1650,warrant,0,0,0,0
1651,assure,0,0,0,0
1652,promise,0,0,0,0
1653,swear,0,0,0,0
1654,guarantee,0,0,0,0
1655,display,0,0,0,0
1656,exhibit,0,0,0,0
1657,reveal,0,0,0,0
1658,show,0,3,4,0
1659,disclose,0,0,0,0
1660,indicate,0,0,0,0
1661,convey,0,0,0,0
1662,signify,0,0,0,0
1663,blab,0,0,0,0
1664,talk,0,0,4,0
1665,tattle,0,0,0,0
1666,shop,0,0,0,0
1667,finger,0,0,0,0
1668,pool,0,0,0,0
1669,shelf,0,0,0,0
1670,delate,0,0,0,0
1671,denounce,0,0,0,0
1672,ascertain,0,0,0,0
1673,decide,0,0,0,0
1674,determine,3,4,0,0
1675,deduce,0,0,0,0
1676,discern,0,0,0,0
1677,perceive,0,0,0,0
1678,see,0,2,1,0
1679,identify,0,5,0,0
1680,recognize,0,5,0,0
1681,understand,2,3,0,0
1682,comprehend,3,2,0,0
1683,distinguish,0,3,0,0
1684,differentiate,0,0,0,0
1685,discriminate,0,0,0,0
1686,affect,0,0,0,0
1687,appear,0,0,0,0
1688,manifest,0,0,0,0
1689,launch,0,0,0,0
1690,introduce,0,5,0,3
1691,air,0,0,0,0
1692,demonstrate,5,3,0,0
1693,arrange,4,3,0,0
1694,array,3,4,0,2
1695,flaunt,0,0,0,0
1696,parade,0,0,0,0
1697,uncover,0,2,0,0
1698,reveal,0,0,0,0
1699,display,0,3,4,0
1700,exhibit,0,3,4,0
1701,unveil,0,0,0,0
1702,present,0,0,0,0
1703,indicate,0,0,0,0
1704,express,0,0,3,0
1705,proclaim,0,0,0,0
1706,intimate,0,0,0,0
1707,signify,0,2,0,0
1708,evince,0,0,0,0
1709,evidence,0,2,0,0
1710,disclose,0,0,0,0
1711,betray,0,0,0,0
1712,divulge,0,0,0,0
1713,manifest,0,0,0,0
1714,exhibit,0,0,0,0
1715,reveal,0,2,0,0
1716,convey,0,0,0,0
1717,communicate,0,5,0,0
1718,clarify,0,0,0,0
1719,illustrate,0,0,0,0
1720,explicate,0,0,0,0
1721,expound,0,0,0,0
1722,elucidate,0,0,0,0
1723,teach,3,0,0,0
1724,determine,0,0,0,0
1725,substantiate,0,0,0,0
1726,corroborate,0,0,0,0
1727,verify,0,0,0,0
1728,establish,0,0,0,0
1729,ratify,0,0,0,0
1730,validate,0,0,0,0
1731,authenticate,0,0,0,0
1732,attest,0,0,0,0
1733,certify,0,0,0,0
1734,testify,0,0,0,0
1735,document,0,0,0,0
1736,prove,3,2,0,0
1737,demonstrate,0,0,0,0
1738,confirm,0,0,0,0
1739,manifest,0,0,0,0
1740,evince,0,0,0,0
1741,escort,0,0,0,0
1742,accompany,0,0,0,0
1743,take,2,0,0,0
1744,walk,0,0,0,0
1745,conduct,0,0,0,0
1746,lead,0,0,0,0
1747,usher,0,0,0,0
1748,bow,0,0,0,0
1749,guide,0,0,0,0
1750,direct,0,0,0,0
1751,steer,0,0,0,0
1752,shepherd,0,0,0,0
1753,attend,0,0,0,0
1754,chaperone,0,0,0,0
1755,appear,0,0,1,0
1756,arrive,0,0,0,0
1757,come,0,0,0,0
1758,materialize,0,0,0,0
1759,report,0,0,0,0
1760,note,0,0,0,0
1761,record,0,0,0,0
1762,register,0,0,0,0
1763,log,0,0,0,0
1764,list,0,0,0,0
1765,inscribe,0,0,0,0
1766,sign,0,0,0,0
1767,scribble,0,0,0,0
1768,scrawl,0,0,0,0
1769,pencil,0,0,0,0
1770,compose,1,5,0,0
1771,draft,0,2,0,0
1772,create,0,5,0,0
1773,invent,0,0,0,0
1774,formulate,0,0,0,0
1775,compile,2,0,0,0
1776,pen,0,0,0,0
1777,produce,0,5,0,3
1778,correspond,0,0,0,0
1779,communicate,0,0,5,0
1780,fatal,0,0,0,0
1781,mortal,0,0,0,0
1782,deadly,0,0,0,0
1783,lethal,0,0,0,0
1784,killing,0,0,0,0
1785,incurable,0,0,0,0
1786,untreatable,0,0,0,0
1787,inoperable,0,0,0,0
1788,end-stage,0,0,0,0
1789,incurable,0,0,0,0
1790,dying,0,0,0,0
1791,end,0,0,0,0
1792,extreme,0,0,0,0
1793,final,0,0,0,0
1794,last,0,0,0,0
1795,concluding,0,0,0,0
1796,closing,0,0,0,0
1797,ultimate,0,0,0,0
1798,finishing,0,0,0,0
1799,terminating,0,0,0,0
1800,right,0,0,0,0
1801,proper,0,0,0,0
1802,fair,0,0,0,0
1803,arrant,0,0,0,0
1804,complete,0,0,0,0
1805,utter,0,0,0,0
1806,absolute,0,0,0,0
1807,total,0,0,0,0
1808,real,0,0,0,0
1809,thorough,0,0,0,0
1810,out-and-out,0,0,0,0
1811,downright,0,0,0,0
1812,consummate,0,0,0,0
1813,perfect,0,0,0,0
1814,veritable,0,0,0,0
1815,times,0,0,0,3
1816,instantiate,0,5,0,0
